12-29-2020,16:01:45,Gulf Standard Time,ITF,00233250184669,0,12-29-2020,16:01:45,,
12-29-2020,16:01:39,Gulf Standard Time,ITF,00089163206159,0,12-29-2020,16:01:39,,
12-29-2020,16:00:53,Gulf Standard Time,ITF,90066708191979,0,12-29-2020,16:00:53,,
12-29-2020,16:00:42,Gulf Standard Time,ITF,30288241214129,0,12-29-2020,16:00:42,,
12-29-2020,16:00:21,Gulf Standard Time,ITF,80489218152349,0,12-29-2020,16:00:21,,
12-29-2020,16:00:12,Gulf Standard Time,ITF,40323654211439,0,12-29-2020,16:00:12,,
12-29-2020,16:00:03,Gulf Standard Time,ITF,20489216211439,0,12-29-2020,16:00:03,,
12-29-2020,15:59:36,Gulf Standard Time,ITF,80466330152349,0,12-29-2020,15:59:36,,
12-29-2020,15:59:14,Gulf Standard Time,ITF,90091760223889,0,12-29-2020,15:59:14,,
12-29-2020,15:59:08,Gulf Standard Time,ITF,40155311224589,0,12-29-2020,15:59:08,,
12-29-2020,15:59:04,Gulf Standard Time,ITF,10185852224589,0,12-29-2020,15:59:04,,
12-29-2020,15:58:56,Gulf Standard Time,ITF,40343001221859,0,12-29-2020,15:58:56,,
12-29-2020,15:58:45,Gulf Standard Time,ITF,00343003224589,0,12-29-2020,15:58:45,,
12-29-2020,15:58:34,Gulf Standard Time,ITF,70014999221859,0,12-29-2020,15:58:34,,
12-29-2020,15:58:09,Gulf Standard Time,ITF,00453058221859,0,12-29-2020,15:58:09,,
12-29-2020,15:58:04,Gulf Standard Time,ITF,90091760223889,0,12-29-2020,15:58:04,,
12-29-2020,15:57:58,Gulf Standard Time,ITF,80399760221859,0,12-29-2020,15:57:58,,
12-29-2020,15:57:54,Gulf Standard Time,ITF,10203375224589,0,12-29-2020,15:57:54,,
12-29-2020,15:57:49,Gulf Standard Time,ITF,90235626223889,0,12-29-2020,15:57:49,,
12-29-2020,15:57:45,Gulf Standard Time,ITF,90342971225169,0,12-29-2020,15:57:45,,
12-29-2020,15:57:37,Gulf Standard Time,CODE_128,L45001397,0,12-29-2020,15:57:37,,
12-29-2020,15:57:25,Gulf Standard Time,ITF,40155311224589,0,12-29-2020,15:57:25,,
12-29-2020,15:57:17,Gulf Standard Time,ITF,30167507224229,0,12-29-2020,15:57:17,,
12-29-2020,15:57:07,Gulf Standard Time,ITF,60453022221859,0,12-29-2020,15:57:07,,
12-29-2020,15:56:51,Gulf Standard Time,ITF,30423989108669,0,12-29-2020,15:56:51,,
12-29-2020,15:56:42,Gulf Standard Time,ITF,90417481233489,0,12-29-2020,15:56:42,,
12-29-2020,15:56:38,Gulf Standard Time,ITF,90417481233489,0,12-29-2020,15:56:38,,
12-29-2020,15:56:34,Gulf Standard Time,ITF,70417482233489,0,12-29-2020,15:56:34,,
12-29-2020,15:56:23,Gulf Standard Time,ITF,60318920108669,0,12-29-2020,15:56:23,,
12-29-2020,15:56:19,Gulf Standard Time,ITF,90247709151999,0,12-29-2020,15:56:19,,
12-29-2020,15:56:15,Gulf Standard Time,ITF,30362820151992,0,12-29-2020,15:56:15,,
12-29-2020,15:56:08,Gulf Standard Time,ITF,30424724137819,0,12-29-2020,15:56:08,,
12-29-2020,15:56:03,Gulf Standard Time,ITF,10330571186919,0,12-29-2020,15:56:03,,
12-29-2020,15:55:49,Gulf Standard Time,ITF,70277354137819,0,12-29-2020,15:55:49,,
12-29-2020,15:55:45,Gulf Standard Time,ITF,70277354207269,0,12-29-2020,15:55:45,,
12-29-2020,15:55:39,Gulf Standard Time,ITF,70277354207269,0,12-29-2020,15:55:39,,
12-29-2020,15:55:35,Gulf Standard Time,ITF,30424724137819,0,12-29-2020,15:55:35,,
12-29-2020,15:55:32,Gulf Standard Time,ITF,30424724137819,0,12-29-2020,15:55:32,,
12-29-2020,15:55:26,Gulf Standard Time,ITF,30423989108669,0,12-29-2020,15:55:26,,
12-29-2020,15:55:08,Gulf Standard Time,ITF,80473321183149,0,12-29-2020,15:55:08,,
12-29-2020,15:55:00,Gulf Standard Time,ITF,60214343230009,0,12-29-2020,15:55:00,,
12-29-2020,15:54:50,Gulf Standard Time,ITF,20439392183149,0,12-29-2020,15:54:50,,
12-29-2020,15:54:40,Gulf Standard Time,ITF,10419950220929,0,12-29-2020,15:54:40,,
12-29-2020,15:54:30,Gulf Standard Time,ITF,70350113203259,0,12-29-2020,15:54:30,,
12-29-2020,15:54:10,Gulf Standard Time,ITF,00286917219069,0,12-29-2020,15:54:10,,
12-29-2020,15:53:58,Gulf Standard Time,ITF,10453840214129,0,12-29-2020,15:53:58,,
12-29-2020,15:53:54,Gulf Standard Time,ITF,30015123123869,0,12-29-2020,15:53:54,,
12-29-2020,15:53:35,Gulf Standard Time,ITF,30396288183149,0,12-29-2020,15:53:35,,
12-29-2020,15:53:31,Gulf Standard Time,ITF,50415894183149,0,12-29-2020,15:53:31,,
12-29-2020,15:53:26,Gulf Standard Time,ITF,40396018183149,0,12-29-2020,15:53:26,,
12-29-2020,15:53:21,Gulf Standard Time,ITF,20444930183149,0,12-29-2020,15:53:21,,
12-29-2020,15:53:10,Gulf Standard Time,ITF,10091764224229,0,12-29-2020,15:53:10,,
12-29-2020,15:52:59,Gulf Standard Time,ITF,70480001125889,0,12-29-2020,15:52:59,,
12-29-2020,15:52:38,Gulf Standard Time,ITF,00297850125889,0,12-29-2020,15:52:38,,
12-29-2020,15:52:32,Gulf Standard Time,ITF,80300207123869,0,12-29-2020,15:52:32,,
12-29-2020,15:52:20,Gulf Standard Time,ITF,00297850125889,0,12-29-2020,15:52:20,,
12-29-2020,15:52:16,Gulf Standard Time,ITF,60241389125889,0,12-29-2020,15:52:16,,
12-29-2020,15:52:10,Gulf Standard Time,ITF,00473749198959,0,12-29-2020,15:52:10,,
12-29-2020,15:51:58,Gulf Standard Time,ITF,30353887220929,0,12-29-2020,15:51:58,,
12-29-2020,15:51:37,Gulf Standard Time,ITF,00463910120119,0,12-29-2020,15:51:37,,
12-29-2020,15:51:31,Gulf Standard Time,ITF,90463784180049,0,12-29-2020,15:51:31,,
12-29-2020,15:51:17,Gulf Standard Time,ITF,30360232199559,0,12-29-2020,15:51:17,,
12-29-2020,15:51:10,Gulf Standard Time,ITF,70360225199559,0,12-29-2020,15:51:10,,
12-29-2020,15:50:59,Gulf Standard Time,ITF,10360228199559,0,12-29-2020,15:50:59,,
12-29-2020,15:50:53,Gulf Standard Time,ITF,20360280209229,0,12-29-2020,15:50:53,,
12-29-2020,15:50:42,Gulf Standard Time,ITF,20239595209229,0,12-29-2020,15:50:42,,
12-29-2020,15:50:17,Gulf Standard Time,ITF,50415894183149,0,12-29-2020,15:50:17,,
12-29-2020,15:50:11,Gulf Standard Time,ITF,30015123123869,0,12-29-2020,15:50:11,,
12-29-2020,15:50:01,Gulf Standard Time,ITF,30472908152349,0,12-29-2020,15:50:01,,
12-29-2020,15:49:54,Gulf Standard Time,ITF,00396384167909,0,12-29-2020,15:49:54,,
12-29-2020,15:49:49,Gulf Standard Time,ITF,00415896183149,0,12-29-2020,15:49:49,,
12-29-2020,15:49:31,Gulf Standard Time,ITF,50410636168249,0,12-29-2020,15:49:31,,
12-29-2020,15:44:30,Gulf Standard Time,ITF,70238268222179,0,12-29-2020,15:44:30,,
12-29-2020,15:39:25,Gulf Standard Time,ITF,80398058220929,0,12-29-2020,15:39:25,,
12-29-2020,15:39:02,Gulf Standard Time,ITF,60226039228069,0,12-29-2020,15:39:02,,
12-29-2020,15:38:50,Gulf Standard Time,ITF,4925186129,0,12-29-2020,15:38:50,,
12-29-2020,15:38:47,Gulf Standard Time,ITF,60334920203259,0,12-29-2020,15:38:47,,
12-29-2020,15:38:40,Gulf Standard Time,ITF,1020469522,0,12-29-2020,15:38:40,,
12-29-2020,15:38:32,Gulf Standard Time,ITF,40204694228069,0,12-29-2020,15:38:32,,
12-29-2020,15:38:02,Gulf Standard Time,ITF,90204696228069,0,12-29-2020,15:38:02,,
12-29-2020,15:37:57,Gulf Standard Time,ITF,90204696228069,0,12-29-2020,15:37:57,,
12-29-2020,15:37:46,Gulf Standard Time,ITF,90091760223889,0,12-29-2020,15:37:46,,
12-29-2020,15:37:39,Gulf Standard Time,ITF,225059,0,12-29-2020,15:37:39,,
12-29-2020,15:37:35,Gulf Standard Time,ITF,225059,0,12-29-2020,15:37:35,,
12-29-2020,15:37:25,Gulf Standard Time,ITF,90371223186339,0,12-29-2020,15:37:25,,
12-29-2020,15:37:19,Gulf Standard Time,ITF,40371225186129,0,12-29-2020,15:37:19,,
12-29-2020,15:37:14,Gulf Standard Time,ITF,00401781230009,0,12-29-2020,15:37:14,,
12-29-2020,15:37:09,Gulf Standard Time,ITF,40334921153869,0,12-29-2020,15:37:09,,
12-29-2020,15:37:07,Gulf Standard Time,ITF,80334919186129,0,12-29-2020,15:37:07,,
12-29-2020,15:36:24,Gulf Standard Time,ITF,40454560227249,0,12-29-2020,15:36:24,,
12-29-2020,15:35:58,Gulf Standard Time,ITF,20343785230709,0,12-29-2020,15:35:58,,
12-29-2020,15:35:32,Gulf Standard Time,ITF,90207402207089,0,12-29-2020,15:35:32,,
12-29-2020,15:29:34,Gulf Standard Time,ITF,80464109201189,0,12-29-2020,15:29:34,,
12-29-2020,15:29:30,Gulf Standard Time,ITF,90479978201189,0,12-29-2020,15:29:30,,
12-29-2020,15:29:26,Gulf Standard Time,ITF,80464109201189,0,12-29-2020,15:29:26,,
12-29-2020,15:29:21,Gulf Standard Time,ITF,00464127155059,0,12-29-2020,15:29:21,,
12-29-2020,15:29:18,Gulf Standard Time,ITF,20464145138679,0,12-29-2020,15:29:18,,
12-29-2020,15:29:13,Gulf Standard Time,ITF,30440309201189,0,12-29-2020,15:29:13,,
12-29-2020,15:29:08,Gulf Standard Time,ITF,20440319155059,0,12-29-2020,15:29:08,,
12-29-2020,15:28:45,Gulf Standard Time,ITF,70462511222079,0,12-29-2020,15:28:45,,
12-29-2020,15:28:17,Gulf Standard Time,ITF,20462599222079,0,12-29-2020,15:28:17,,
12-29-2020,15:28:12,Gulf Standard Time,ITF,30361910118639,0,12-29-2020,15:28:12,,
12-29-2020,15:27:56,Gulf Standard Time,ITF,20440828177969,0,12-29-2020,15:27:56,,
12-29-2020,15:27:39,Gulf Standard Time,ITF,50440803177969,0,12-29-2020,15:27:39,,
12-29-2020,15:27:33,Gulf Standard Time,ITF,60440794177969,0,12-29-2020,15:27:33,,
12-29-2020,15:27:25,Gulf Standard Time,ITF,70440816177969,0,12-29-2020,15:27:25,,
12-29-2020,15:26:23,Gulf Standard Time,ITF,00452129215769,0,12-29-2020,15:26:23,,
12-29-2020,15:25:50,Gulf Standard Time,ITF,80387615212409,0,12-29-2020,15:25:50,,
12-29-2020,15:25:41,Gulf Standard Time,ITF,60248418153469,0,12-29-2020,15:25:41,,
12-29-2020,15:25:32,Gulf Standard Time,ITF,60193128189299,0,12-29-2020,15:25:32,,
12-29-2020,15:25:21,Gulf Standard Time,ITF,30193163195899,0,12-29-2020,15:25:21,,
12-29-2020,15:24:38,Gulf Standard Time,ITF,70471172215769,0,12-29-2020,15:24:38,,
12-29-2020,15:24:03,Gulf Standard Time,ITF,20436888226659,0,12-29-2020,15:24:03,,
12-29-2020,15:22:13,Gulf Standard Time,ITF,30407814226029,0,12-29-2020,15:22:13,,
12-29-2020,15:21:51,Gulf Standard Time,ITF,00141401189379,0,12-29-2020,15:21:51,,
12-29-2020,15:20:53,Gulf Standard Time,ITF,90202268220929,0,12-29-2020,15:20:53,,
12-29-2020,15:20:44,Gulf Standard Time,ITF,70233416213459,0,12-29-2020,15:20:44,,
12-29-2020,15:20:38,Gulf Standard Time,ITF,30335898166429,0,12-29-2020,15:20:38,,
12-29-2020,15:20:23,Gulf Standard Time,ITF,30233418126329,0,12-29-2020,15:20:23,,
12-29-2020,15:20:13,Gulf Standard Time,ITF,30293898225169,0,12-29-2020,15:20:13,,
12-29-2020,15:20:06,Gulf Standard Time,ITF,60393486168249,0,12-29-2020,15:20:06,,
12-29-2020,15:19:58,Gulf Standard Time,ITF,80233430228069,0,12-29-2020,15:19:58,,
12-29-2020,15:19:42,Gulf Standard Time,ITF,90341170226769,0,12-29-2020,15:19:42,,
12-29-2020,15:19:27,Gulf Standard Time,ITF,10346831226769,0,12-29-2020,15:19:27,,
12-29-2020,15:19:18,Gulf Standard Time,ITF,80233430228069,0,12-29-2020,15:19:18,,
12-29-2020,15:19:01,Gulf Standard Time,ITF,00309829228069,0,12-29-2020,15:19:01,,
12-29-2020,15:18:51,Gulf Standard Time,ITF,50387259171039,0,12-29-2020,15:18:51,,
12-29-2020,15:18:12,Gulf Standard Time,ITF,60415351231389,0,12-29-2020,15:18:12,,
12-29-2020,15:17:59,Gulf Standard Time,ITF,10339171191979,0,12-29-2020,15:17:59,,
12-29-2020,15:17:31,Gulf Standard Time,ITF,20343648205359,0,12-29-2020,15:17:31,,
12-29-2020,15:17:23,Gulf Standard Time,ITF,40449168206159,0,12-29-2020,15:17:23,,
12-29-2020,15:17:12,Gulf Standard Time,ITF,80343650205359,0,12-29-2020,15:17:12,,
12-29-2020,15:16:52,Gulf Standard Time,ITF,30286416230899,0,12-29-2020,15:16:52,,
12-29-2020,15:16:47,Gulf Standard Time,ITF,00361978205359,0,12-29-2020,15:16:47,,
12-29-2020,15:16:40,Gulf Standard Time,ITF,90286423205359,0,12-29-2020,15:16:40,,
12-29-2020,15:16:35,Gulf Standard Time,ITF,50286420205359,0,12-29-2020,15:16:35,,
12-29-2020,15:16:23,Gulf Standard Time,ITF,80343650205359,0,12-29-2020,15:16:23,,
12-29-2020,15:16:14,Gulf Standard Time,ITF,90286418205359,0,12-29-2020,15:16:14,,
12-29-2020,15:16:03,Gulf Standard Time,ITF,10368875205359,0,12-29-2020,15:16:03,,
12-29-2020,15:15:51,Gulf Standard Time,ITF,60449191221959,0,12-29-2020,15:15:51,,
12-29-2020,15:15:30,Gulf Standard Time,ITF,50175276221909,0,12-29-2020,15:15:30,,
12-29-2020,15:15:23,Gulf Standard Time,ITF,50175276221909,0,12-29-2020,15:15:23,,
12-29-2020,15:15:10,Gulf Standard Time,ITF,70101166163829,0,12-29-2020,15:15:10,,
12-29-2020,15:15:06,Gulf Standard Time,ITF,10256750230899,0,12-29-2020,15:15:06,,
12-29-2020,15:14:57,Gulf Standard Time,ITF,40256744230899,0,12-29-2020,15:14:57,,
12-29-2020,15:14:50,Gulf Standard Time,ITF,10256750230899,0,12-29-2020,15:14:50,,
12-29-2020,15:14:42,Gulf Standard Time,ITF,90256746230899,0,12-29-2020,15:14:42,,
12-29-2020,15:14:26,Gulf Standard Time,ITF,90256746205359,0,12-29-2020,15:14:26,,
12-29-2020,15:14:23,Gulf Standard Time,ITF,90256746205359,0,12-29-2020,15:14:23,,
12-29-2020,15:14:10,Gulf Standard Time,ITF,70391123189149,0,12-29-2020,15:14:10,,
12-29-2020,15:13:54,Gulf Standard Time,ITF,10391121189149,0,12-29-2020,15:13:54,,
12-29-2020,15:13:45,Gulf Standard Time,ITF,90391122189149,0,12-29-2020,15:13:45,,
12-29-2020,15:13:18,Gulf Standard Time,ITF,00437266215879,0,12-29-2020,15:13:18,,
12-29-2020,15:13:13,Gulf Standard Time,ITF,215879,0,12-29-2020,15:13:13,,
12-29-2020,15:12:56,Gulf Standard Time,ITF,10324546205359,0,12-29-2020,15:12:56,,
12-29-2020,15:12:53,Gulf Standard Time,ITF,20324541205359,0,12-29-2020,15:12:53,,
12-29-2020,15:12:51,Gulf Standard Time,ITF,20324541205359,0,12-29-2020,15:12:51,,
12-29-2020,15:12:45,Gulf Standard Time,ITF,90324547205359,0,12-29-2020,15:12:45,,
12-29-2020,15:12:35,Gulf Standard Time,ITF,00462864221179,0,12-29-2020,15:12:35,,
12-29-2020,15:12:25,Gulf Standard Time,ITF,00462878221179,0,12-29-2020,15:12:25,,
12-29-2020,15:12:21,Gulf Standard Time,ITF,00462864221179,0,12-29-2020,15:12:21,,
12-29-2020,15:12:15,Gulf Standard Time,ITF,20324541205359,0,12-29-2020,15:12:15,,
12-29-2020,15:12:03,Gulf Standard Time,ITF,10462241221529,0,12-29-2020,15:12:03,,
12-29-2020,15:11:35,Gulf Standard Time,ITF,40449168206159,0,12-29-2020,15:11:35,,
12-29-2020,15:11:28,Gulf Standard Time,ITF,10329898205359,0,12-29-2020,15:11:28,,
12-29-2020,15:10:59,Gulf Standard Time,ITF,70292095205359,0,12-29-2020,15:10:59,,
12-29-2020,15:10:46,Gulf Standard Time,ITF,10292098205359,0,12-29-2020,15:10:46,,
12-29-2020,15:10:34,Gulf Standard Time,ITF,10462236221179,0,12-29-2020,15:10:34,,
12-29-2020,15:10:23,Gulf Standard Time,ITF,30467959221179,0,12-29-2020,15:10:23,,
12-29-2020,15:10:14,Gulf Standard Time,ITF,10292098205359,0,12-29-2020,15:10:14,,
12-29-2020,15:09:44,Gulf Standard Time,ITF,20449206209229,0,12-29-2020,15:09:44,,
12-29-2020,15:09:35,Gulf Standard Time,ITF,90099054209229,0,12-29-2020,15:09:35,,
12-29-2020,15:09:15,Gulf Standard Time,ITF,80323303125889,0,12-29-2020,15:09:15,,
12-29-2020,15:08:57,Gulf Standard Time,ITF,10464382221959,0,12-29-2020,15:08:57,,
12-29-2020,15:08:46,Gulf Standard Time,ITF,20471805201189,0,12-29-2020,15:08:46,,
12-29-2020,15:07:44,Gulf Standard Time,ITF,30455635231679,0,12-29-2020,15:07:44,,
12-29-2020,15:07:33,Gulf Standard Time,ITF,90471171189379,0,12-29-2020,15:07:33,,
12-29-2020,15:07:09,Gulf Standard Time,ITF,20469586194269,0,12-29-2020,15:07:09,,
12-29-2020,15:07:06,Gulf Standard Time,ITF,10467658138679,0,12-29-2020,15:07:06,,
12-29-2020,15:06:54,Gulf Standard Time,ITF,50316672201189,0,12-29-2020,15:06:54,,
12-29-2020,15:06:45,Gulf Standard Time,ITF,80485395225189,0,12-29-2020,15:06:45,,
12-29-2020,15:06:38,Gulf Standard Time,ITF,2608139849,0,12-29-2020,15:06:38,,
12-29-2020,15:06:33,Gulf Standard Time,ITF,50412602220979,0,12-29-2020,15:06:33,,
12-29-2020,15:06:26,Gulf Standard Time,ITF,50443514138679,0,12-29-2020,15:06:26,,
12-29-2020,15:06:06,Gulf Standard Time,ITF,80389073227039,0,12-29-2020,15:06:06,,
12-29-2020,15:05:53,Gulf Standard Time,ITF,00412548139849,0,12-29-2020,15:05:53,,
12-29-2020,15:05:29,Gulf Standard Time,ITF,50392901201189,0,12-29-2020,15:05:29,,
12-29-2020,15:05:26,Gulf Standard Time,ITF,30392898201189,0,12-29-2020,15:05:26,,
12-29-2020,15:05:23,Gulf Standard Time,ITF,50392897201189,0,12-29-2020,15:05:23,,
12-29-2020,15:05:06,Gulf Standard Time,ITF,70469193201189,0,12-29-2020,15:05:06,,
12-29-2020,15:05:03,Gulf Standard Time,ITF,50451165232769,0,12-29-2020,15:05:03,,
12-29-2020,15:04:58,Gulf Standard Time,ITF,40451161232769,0,12-29-2020,15:04:58,,
12-29-2020,15:04:45,Gulf Standard Time,ITF,00469196201189,0,12-29-2020,15:04:45,,
12-29-2020,15:04:34,Gulf Standard Time,ITF,70459556179389,0,12-29-2020,15:04:34,,
12-29-2020,15:04:17,Gulf Standard Time,ITF,30357220201189,0,12-29-2020,15:04:17,,
12-29-2020,15:03:47,Gulf Standard Time,ITF,30480357231679,0,12-29-2020,15:03:47,,
12-29-2020,15:03:35,Gulf Standard Time,ITF,20420241222429,0,12-29-2020,15:03:35,,
12-29-2020,15:03:11,Gulf Standard Time,ITF,30212675205619,0,12-29-2020,15:03:11,,
12-29-2020,15:02:59,Gulf Standard Time,ITF,20052187223609,0,12-29-2020,15:02:59,,
12-29-2020,15:02:46,Gulf Standard Time,ITF,40423941124659,0,12-29-2020,15:02:46,,
12-29-2020,15:02:35,Gulf Standard Time,ITF,83235110190259,0,12-29-2020,15:02:35,,
12-29-2020,15:02:12,Gulf Standard Time,ITF,10482574124659,0,12-29-2020,15:02:12,,
12-29-2020,15:02:06,Gulf Standard Time,ITF,30423932124659,0,12-29-2020,15:02:06,,
12-29-2020,15:01:57,Gulf Standard Time,ITF,90445931124659,0,12-29-2020,15:01:57,,
12-29-2020,15:01:45,Gulf Standard Time,ITF,00450031124659,0,12-29-2020,15:01:45,,
12-29-2020,15:01:40,Gulf Standard Time,ITF,30497089124659,0,12-29-2020,15:01:40,,
12-29-2020,15:01:24,Gulf Standard Time,UPC_E,06406404,0,12-29-2020,15:01:24,,
12-29-2020,15:01:18,Gulf Standard Time,ITF,50426835221119,0,12-29-2020,15:01:18,,
12-29-2020,15:01:03,Gulf Standard Time,ITF,10482140221119,0,12-29-2020,15:01:03,,
12-29-2020,15:00:52,Gulf Standard Time,ITF,70426815221119,0,12-29-2020,15:00:52,,
12-29-2020,15:00:43,Gulf Standard Time,ITF,80418768231679,0,12-29-2020,15:00:43,,
12-29-2020,15:00:37,Gulf Standard Time,ITF,50426802124659,0,12-29-2020,15:00:37,,
12-29-2020,15:00:00,Gulf Standard Time,ITF,60348130230799,0,12-29-2020,15:00:00,,
12-29-2020,14:59:23,Gulf Standard Time,ITF,20314071153469,0,12-29-2020,14:59:23,,
12-29-2020,14:59:18,Gulf Standard Time,ITF,20314071153469,0,12-29-2020,14:59:18,,
12-29-2020,14:59:04,Gulf Standard Time,ITF,30491515222809,0,12-29-2020,14:59:04,,
12-29-2020,14:58:56,Gulf Standard Time,ITF,50245415224379,0,12-29-2020,14:58:56,,
12-29-2020,14:58:47,Gulf Standard Time,ITF,40245411224379,0,12-29-2020,14:58:47,,
12-29-2020,14:58:41,Gulf Standard Time,ITF,10462057224379,0,12-29-2020,14:58:41,,
12-29-2020,14:56:52,Gulf Standard Time,ITF,10457999225169,0,12-29-2020,14:56:52,,
12-29-2020,14:56:17,Gulf Standard Time,ITF,50441398223219,0,12-29-2020,14:56:17,,
12-29-2020,14:56:08,Gulf Standard Time,ITF,00439454219129,0,12-29-2020,14:56:08,,
12-29-2020,14:55:47,Gulf Standard Time,ITF,90432231223219,0,12-29-2020,14:55:47,,
12-29-2020,14:55:21,Gulf Standard Time,ITF,60405724171189,0,12-29-2020,14:55:21,,
12-29-2020,14:55:05,Gulf Standard Time,ITF,20440871177969,0,12-29-2020,14:55:05,,
12-29-2020,14:54:53,Gulf Standard Time,ITF,50470003226839,0,12-29-2020,14:54:53,,
12-29-2020,14:54:38,Gulf Standard Time,ITF,00325711144129,0,12-29-2020,14:54:38,,
12-29-2020,14:54:27,Gulf Standard Time,ITF,10325471144129,0,12-29-2020,14:54:27,,
12-29-2020,14:54:16,Gulf Standard Time,ITF,00325711144129,0,12-29-2020,14:54:16,,
12-29-2020,14:53:36,Gulf Standard Time,ITF,90423019177969,0,12-29-2020,14:53:36,,
12-29-2020,14:53:27,Gulf Standard Time,ITF,90440858144129,0,12-29-2020,14:53:27,,
12-29-2020,14:53:03,Gulf Standard Time,ITF,50487758144129,0,12-29-2020,14:53:03,,
12-29-2020,14:52:26,Gulf Standard Time,ITF,80322657109379,0,12-29-2020,14:52:26,,
12-29-2020,14:52:20,Gulf Standard Time,ITF,30345595144129,0,12-29-2020,14:52:20,,
12-29-2020,14:52:03,Gulf Standard Time,ITF,222179,0,12-29-2020,14:52:03,,
12-29-2020,14:51:53,Gulf Standard Time,ITF,90349538164189,0,12-29-2020,14:51:53,,
12-29-2020,14:51:49,Gulf Standard Time,ITF,90349538164189,0,12-29-2020,14:51:49,,
12-29-2020,14:51:31,Gulf Standard Time,ITF,80435249109379,0,12-29-2020,14:51:31,,
12-29-2020,14:51:27,Gulf Standard Time,ITF,80435249109379,0,12-29-2020,14:51:27,,
12-29-2020,14:51:23,Gulf Standard Time,ITF,40437797177789,0,12-29-2020,14:51:23,,
12-29-2020,14:51:20,Gulf Standard Time,ITF,70437673144129,0,12-29-2020,14:51:20,,
12-29-2020,14:51:15,Gulf Standard Time,ITF,40437679177789,0,12-29-2020,14:51:15,,
12-29-2020,14:51:01,Gulf Standard Time,ITF,90464279177789,0,12-29-2020,14:51:01,,
12-29-2020,14:50:46,Gulf Standard Time,ITF,90437629215209,0,12-29-2020,14:50:46,,
12-29-2020,14:49:13,Gulf Standard Time,ITF,50240502230509,0,12-29-2020,14:49:13,,
12-29-2020,14:49:04,Gulf Standard Time,ITF,70303876230769,0,12-29-2020,14:49:04,,
12-29-2020,14:47:22,Gulf Standard Time,ITF,80327438200479,0,12-29-2020,14:47:22,,
12-29-2020,14:46:33,Gulf Standard Time,ITF,20328978211439,0,12-29-2020,14:46:33,,
12-29-2020,14:46:25,Gulf Standard Time,ITF,30349503224379,0,12-29-2020,14:46:25,,
12-29-2020,14:46:18,Gulf Standard Time,ITF,20344775224379,0,12-29-2020,14:46:18,,
12-29-2020,14:45:51,Gulf Standard Time,ITF,30197260167789,0,12-29-2020,14:45:51,,
12-29-2020,14:45:41,Gulf Standard Time,ITF,20159522191979,0,12-29-2020,14:45:41,,
12-29-2020,14:45:34,Gulf Standard Time,ITF,60159520191979,0,12-29-2020,14:45:34,,
12-29-2020,14:45:19,Gulf Standard Time,ITF,80349505224379,0,12-29-2020,14:45:19,,
12-29-2020,14:45:10,Gulf Standard Time,ITF,00427309120119,0,12-29-2020,14:45:10,,
12-29-2020,14:44:53,Gulf Standard Time,EAN_13,4229582800204,0,12-29-2020,14:44:53,,
12-29-2020,14:44:32,Gulf Standard Time,ITF,30458931222429,0,12-29-2020,14:44:32,,
12-29-2020,14:44:20,Gulf Standard Time,ITF,20427313224379,0,12-29-2020,14:44:20,,
12-29-2020,14:44:12,Gulf Standard Time,ITF,70433364224379,0,12-29-2020,14:44:12,,
12-29-2020,14:43:43,Gulf Standard Time,ITF,50468694222429,0,12-29-2020,14:43:43,,
12-29-2020,14:43:25,Gulf Standard Time,ITF,60447347225189,0,12-29-2020,14:43:25,,
12-29-2020,14:43:19,Gulf Standard Time,ITF,60447347225189,0,12-29-2020,14:43:19,,
12-29-2020,14:43:06,Gulf Standard Time,ITF,00455627231679,0,12-29-2020,14:43:06,,
12-29-2020,14:42:52,Gulf Standard Time,ITF,80455633231679,0,12-29-2020,14:42:52,,
12-29-2020,14:42:43,Gulf Standard Time,ITF,50439395222429,0,12-29-2020,14:42:43,,
12-29-2020,14:42:37,Gulf Standard Time,ITF,10465471222429,0,12-29-2020,14:42:37,,
12-29-2020,14:42:29,Gulf Standard Time,ITF,10465471222429,0,12-29-2020,14:42:29,,
12-29-2020,14:42:25,Gulf Standard Time,ITF,10465471222429,0,12-29-2020,14:42:25,,
12-29-2020,14:42:19,Gulf Standard Time,ITF,50429626219409,0,12-29-2020,14:42:19,,
12-29-2020,14:42:08,Gulf Standard Time,ITF,30447344225189,0,12-29-2020,14:42:08,,
12-29-2020,14:42:02,Gulf Standard Time,ITF,40489423231679,0,12-29-2020,14:42:02,,
12-29-2020,14:41:53,Gulf Standard Time,ITF,30447344225189,0,12-29-2020,14:41:53,,
12-29-2020,14:41:46,Gulf Standard Time,ITF,60489422231679,0,12-29-2020,14:41:46,,
12-29-2020,14:41:35,Gulf Standard Time,ITF,60353367219409,0,12-29-2020,14:41:35,,
12-29-2020,14:41:26,Gulf Standard Time,ITF,00447350225189,0,12-29-2020,14:41:26,,
12-29-2020,14:40:42,Gulf Standard Time,ITF,00447350225189,0,12-29-2020,14:40:42,,
12-29-2020,14:40:28,Gulf Standard Time,ITF,10422882219409,0,12-29-2020,14:40:28,,
12-29-2020,14:40:20,Gulf Standard Time,ITF,20456999219409,0,12-29-2020,14:40:20,,
12-29-2020,14:39:53,Gulf Standard Time,ITF,80357878219009,0,12-29-2020,14:39:53,,
12-29-2020,14:39:37,Gulf Standard Time,ITF,40446829153299,0,12-29-2020,14:39:37,,
12-29-2020,14:39:31,Gulf Standard Time,ITF,40448456153299,0,12-29-2020,14:39:31,,
12-29-2020,14:39:21,Gulf Standard Time,ITF,50310934153299,0,12-29-2020,14:39:21,,
12-29-2020,14:39:01,Gulf Standard Time,ITF,80453813153299,0,12-29-2020,14:39:01,,
12-29-2020,14:38:50,Gulf Standard Time,ITF,00232905222049,0,12-29-2020,14:38:50,,
12-29-2020,14:38:41,Gulf Standard Time,ITF,00169254224189,0,12-29-2020,14:38:41,,
12-29-2020,14:38:31,Gulf Standard Time,ITF,70486102163539,0,12-29-2020,14:38:31,,
12-29-2020,14:38:20,Gulf Standard Time,ITF,00169249224189,0,12-29-2020,14:38:20,,
12-29-2020,14:37:53,Gulf Standard Time,ITF,40365583163539,0,12-29-2020,14:37:53,,
12-29-2020,14:37:40,Gulf Standard Time,ITF,50438206226779,0,12-29-2020,14:37:40,,
12-29-2020,14:37:35,Gulf Standard Time,ITF,10486020234039,0,12-29-2020,14:37:35,,
12-29-2020,14:37:24,Gulf Standard Time,ITF,10486044226779,0,12-29-2020,14:37:24,,
12-29-2020,14:37:09,Gulf Standard Time,ITF,70471681226779,0,12-29-2020,14:37:09,,
12-29-2020,14:36:23,Gulf Standard Time,ITF,20395331211969,0,12-29-2020,14:36:23,,
12-29-2020,14:33:53,Gulf Standard Time,ITF,90167439167909,0,12-29-2020,14:33:53,,
12-29-2020,14:30:10,Gulf Standard Time,ITF,20395331211969,0,12-29-2020,14:30:10,,
12-29-2020,14:28:29,Gulf Standard Time,ITF,70395300218019,0,12-29-2020,14:28:29,,
12-29-2020,14:27:58,Gulf Standard Time,ITF,10337407157479,1,12-29-2020,14:27:58,,
12-29-2020,14:27:05,Gulf Standard Time,ITF,10337407157479,0,12-29-2020,14:27:05,,
12-29-2020,14:26:53,Gulf Standard Time,ITF,70337409157479,0,12-29-2020,14:26:53,,
12-29-2020,14:26:36,Gulf Standard Time,ITF,30337406157479,0,12-29-2020,14:26:36,,
12-29-2020,14:26:23,Gulf Standard Time,ITF,40337397157479,0,12-29-2020,14:26:23,,
12-29-2020,14:26:12,Gulf Standard Time,ITF,20337379157479,0,12-29-2020,14:26:12,,
12-29-2020,14:26:03,Gulf Standard Time,ITF,00337380157479,0,12-29-2020,14:26:03,,
12-29-2020,14:24:29,Gulf Standard Time,ITF,60334703219639,0,12-29-2020,14:24:29,,
12-29-2020,14:24:11,Gulf Standard Time,ITF,60334703219639,1,12-29-2020,14:24:11,,
12-29-2020,14:22:55,Gulf Standard Time,ITF,70471092232509,1,12-29-2020,14:22:55,,
12-29-2020,14:21:26,Gulf Standard Time,ITF,90279719125889,1,12-29-2020,14:21:26,,
12-29-2020,14:20:50,Gulf Standard Time,ITF,50485207218019,1,12-29-2020,14:20:50,,
12-29-2020,14:20:24,Gulf Standard Time,ITF,50110299220929,0,12-29-2020,14:20:24,,
12-29-2020,14:20:18,Gulf Standard Time,ITF,50110299220929,0,12-29-2020,14:20:18,,
12-29-2020,14:20:11,Gulf Standard Time,ITF,50110299220929,1,12-29-2020,14:20:11,,
12-29-2020,14:19:50,Gulf Standard Time,ITF,90110301191979,1,12-29-2020,14:19:50,,
12-29-2020,14:19:16,Gulf Standard Time,ITF,00169254224189,0,12-29-2020,14:19:16,,
12-29-2020,14:19:00,Gulf Standard Time,ITF,00169254224189,1,12-29-2020,14:19:00,,
12-29-2020,14:18:37,Gulf Standard Time,ITF,40237557222049,0,12-29-2020,14:18:37,,
12-29-2020,14:18:12,Gulf Standard Time,ITF,30250709222049,0,12-29-2020,14:18:12,,
12-29-2020,14:17:21,Gulf Standard Time,ITF,50021076133449,0,12-29-2020,14:17:21,,
12-29-2020,14:16:13,Gulf Standard Time,ITF,50097995216559,0,12-29-2020,14:16:13,,
12-29-2020,14:15:31,Gulf Standard Time,ITF,20395331211969,0,12-29-2020,14:15:31,,
12-29-2020,14:15:00,Gulf Standard Time,ITF,70361786197209,0,12-29-2020,14:15:00,,
12-29-2020,14:13:30,Gulf Standard Time,ITF,40014340206159,0,12-29-2020,14:13:30,,
12-29-2020,14:12:52,Gulf Standard Time,ITF,40295439191979,0,12-29-2020,14:12:52,,
12-29-2020,14:12:03,Gulf Standard Time,ITF,10270478219069,0,12-29-2020,14:12:03,,
12-29-2020,14:11:37,Gulf Standard Time,ITF,20263774200479,0,12-29-2020,14:11:37,,
12-29-2020,14:11:07,Gulf Standard Time,ITF,50035752230249,0,12-29-2020,14:11:07,,
12-29-2020,14:10:30,Gulf Standard Time,ITF,00318942226489,0,12-29-2020,14:10:30,,
12-29-2020,03:50:09,Gulf Standard Time,ITF,40152459177789,0,12-29-2020,03:50:09,,
12-24-2020,18:25:51,Gulf Standard Time,QR_CODE,"1@XLH3ZBHyHzlIlCGISYV9kqORyzYhSRo4Bw1HGrK+0yHmTZUH+uMf/DNWyHyJLJu1U471x2vTCF56hw==,UuVAZ0EoEYfFBufhkNsByw6dGXR+Z4B4elTGL7BA3VA=,2pMrgukmRH9MtuKbLb4lJQ==",0,12-24-2020,18:25:51,,
12-24-2020,16:33:45,Gulf Standard Time,QR_CODE,"1@XLH3ZBHyHzlIlCGISYV9kqORyzYhSRo4Bw1HGrK+0yHmTZUH+uMf/DNWyHyJLJu1U471x2vTCF56hw==,UuVAZ0EoEYfFBufhkNsByw6dGXR+Z4B4elTGL7BA3VA=,2pMrgukmRH9MtuKbLb4lJQ==",0,12-24-2020,16:33:45,,
11-19-2020,17:55:32,Gulf Standard Time,QR_CODE,https://creator.kodular.io/b/OSZ-AHO,0,11-19-2020,17:55:32,,
11-19-2020,17:38:29,Gulf Standard Time,QR_CODE,https://creator.kodular.io/b/BHI-DHP,0,11-19-2020,17:38:29,,
11-19-2020,17:32:33,Gulf Standard Time,QR_CODE,https://creator.kodular.io/b/NOX-ZSP,0,11-19-2020,17:32:33,,
11-19-2020,17:13:51,Gulf Standard Time,QR_CODE,https://creator.kodular.io/b/ZFK-HGF,0,11-19-2020,17:13:51,,
11-19-2020,17:04:15,Gulf Standard Time,QR_CODE,https://creator.kodular.io/b/PAP-SPB,0,11-19-2020,17:04:15,,
11-19-2020,16:51:16,Gulf Standard Time,QR_CODE,https://creator.kodular.io/b/XPM-LMW,0,11-19-2020,16:51:16,,
11-18-2020,18:08:03,Gulf Standard Time,QR_CODE,https://creator.kodular.io/b/JJG-BHM,0,11-18-2020,18:08:03,,
11-17-2020,17:03:56,Gulf Standard Time,QR_CODE,WIFI:T:WPA;S:Electronics-LAB;P:@Fuj-sc-el-31;H:;,0,11-17-2020,17:03:56,,
11-16-2020,19:41:26,Gulf Standard Time,QR_CODE,https://creator.kodular.io/b/MZM-DCL,0,11-16-2020,19:41:26,,
11-16-2020,19:41:21,Gulf Standard Time,EAN_13,1221477833673,0,11-16-2020,19:41:21,,
11-16-2020,17:34:51,Gulf Standard Time,QR_CODE,https://creator.kodular.io/b/HCZ-BSY,0,11-16-2020,17:34:51,,
11-12-2020,19:03:24,Gulf Standard Time,QR_CODE,https://creator.kodular.io/b/KWX-ETY,0,11-12-2020,19:03:24,,
11-01-2020,15:32:31,Gulf Standard Time,EAN_13,8690504069003,0,11-01-2020,15:32:31,,
10-09-2020,23:01:05,Gulf Standard Time,QR_CODE,000507-0003-0001-ENOC Retail LLC,0,10-09-2020,23:01:05,,
10-06-2020,17:58:57,Gulf Standard Time,QR_CODE,https://creator.kodular.io/b/BMN-BBC,0,10-06-2020,17:58:57,,
10-06-2020,17:19:42,Gulf Standard Time,QR_CODE,https://creator.kodular.io/b/YWV-WPZ,0,10-06-2020,17:19:42,,
10-06-2020,17:17:00,Gulf Standard Time,QR_CODE,https://creator.kodular.io/b/VUQ-LDF,0,10-06-2020,17:17:00,,
10-06-2020,17:13:26,Gulf Standard Time,QR_CODE,https://creator.kodular.io/b/DWH-MWD,0,10-06-2020,17:13:26,,
10-05-2020,18:55:13,Gulf Standard Time,QR_CODE,http://home.mi.com/do/index.html?model=chuangmi.camera.ipc009,0,10-05-2020,18:55:13,,ч▒│хо╢
10-04-2020,12:09:30,Gulf Standard Time,QR_CODE,https://creator.kodular.io/b/LPX-FAM,0,10-04-2020,12:09:30,,
10-04-2020,12:06:01,Gulf Standard Time,QR_CODE,https://creator.kodular.io/b/QWF-ALO,0,10-04-2020,12:06:01,,
10-04-2020,11:36:19,Gulf Standard Time,QR_CODE,https://creator.kodular.io/b/WUW-RKB,0,10-04-2020,11:36:19,,
10-02-2020,15:55:58,Gulf Standard Time,QR_CODE,"1@HH0Gj4KutjEk+PqLnHEdXdZAzXmyDftY7sZXa6KIxqR9sNGwILSO0exBn4f4fpLpfrDGHX1btAUWrA==,8WJggTimCXoF5gtMEeargO0YOx5RtFsfVL5+X9A6+G0=,nXTpgKCd+MjQ1xmuOGHUjA==",0,10-02-2020,15:55:58,,
10-01-2020,19:59:00,Gulf Standard Time,QR_CODE,https://creator.kodular.io/b/HKL-DGJ,0,10-01-2020,19:59:00,,
10-01-2020,19:55:43,Gulf Standard Time,QR_CODE,https://creator.kodular.io/b/GGG-MUL,0,10-01-2020,19:55:43,,
10-01-2020,19:45:29,Gulf Standard Time,QR_CODE,https://creator.kodular.io/b/LYL-ETX,0,10-01-2020,19:45:29,,
10-01-2020,19:41:37,Gulf Standard Time,QR_CODE,https://creator.kodular.io/b/KXQ-KRM,0,10-01-2020,19:41:37,,
10-01-2020,19:41:27,Gulf Standard Time,QR_CODE,https://creator.kodular.io/b/KCV-KWF,0,10-01-2020,19:41:27,,
10-01-2020,18:00:37,Gulf Standard Time,QR_CODE,https://creator.kodular.io/b/KCV-KWF,0,10-01-2020,18:00:37,,
10-01-2020,17:15:57,Gulf Standard Time,QR_CODE,https://creator.kodular.io/b/YPA-EPQ,0,10-01-2020,17:15:57,,
09-27-2020,18:25:43,Gulf Standard Time,QR_CODE,https://creator.kodular.io/b/PNA-ATH,0,09-27-2020,18:25:43,,
09-27-2020,18:23:45,Gulf Standard Time,QR_CODE,https://creator.kodular.io/b/HUT-RHP,0,09-27-2020,18:23:45,,
09-27-2020,18:17:51,Gulf Standard Time,QR_CODE,https://creator.kodular.io/b/MCL-BST,0,09-27-2020,18:17:51,,
09-27-2020,18:16:17,Gulf Standard Time,QR_CODE,https://creator.kodular.io/b/RHP-RCC,0,09-27-2020,18:16:17,,
09-27-2020,18:13:49,Gulf Standard Time,QR_CODE,https://creator.kodular.io/b/FBD-PMH,0,09-27-2020,18:13:49,,
09-27-2020,17:30:39,Gulf Standard Time,QR_CODE,https://creator.kodular.io/b/QLF-IGA,0,09-27-2020,17:30:39,,
09-27-2020,17:12:18,Gulf Standard Time,QR_CODE,https://creator.kodular.io/b/VYS-IIP,0,09-27-2020,17:12:18,,
09-27-2020,06:37:04,Gulf Standard Time,QR_CODE,https://creator.kodular.io/b/ASC-OXN,0,09-27-2020,06:37:04,,
09-27-2020,06:34:52,Gulf Standard Time,QR_CODE,https://creator.kodular.io/b/CCM-YQI,0,09-27-2020,06:34:52,,
09-27-2020,06:21:50,Gulf Standard Time,QR_CODE,https://creator.kodular.io/b/SLH-YUI,0,09-27-2020,06:21:50,,
09-27-2020,05:58:29,Gulf Standard Time,QR_CODE,https://creator.kodular.io/b/ZGU-BWC,0,09-27-2020,05:58:29,,
09-27-2020,05:55:46,Gulf Standard Time,QR_CODE,https://creator.kodular.io/b/WKT-TRL,0,09-27-2020,05:55:46,,
09-27-2020,05:54:25,Gulf Standard Time,QR_CODE,https://creator.kodular.io/b/OPW-DRO,0,09-27-2020,05:54:25,,
09-27-2020,05:51:40,Gulf Standard Time,QR_CODE,https://creator.kodular.io/b/DGP-NLI,0,09-27-2020,05:51:40,,
09-27-2020,05:38:12,Gulf Standard Time,QR_CODE,https://creator.kodular.io/b/YZB-AMG,0,09-27-2020,05:38:12,,
09-27-2020,05:36:28,Gulf Standard Time,QR_CODE,https://creator.kodular.io/b/PLD-OWI,0,09-27-2020,05:36:28,,
09-27-2020,05:33:14,Gulf Standard Time,QR_CODE,https://creator.kodular.io/b/OXB-BLZ,0,09-27-2020,05:33:14,,
09-27-2020,05:29:36,Gulf Standard Time,QR_CODE,https://creator.kodular.io/b/PTP-NWV,0,09-27-2020,05:29:36,,
09-27-2020,05:27:21,Gulf Standard Time,QR_CODE,https://creator.kodular.io/b/OMD-IZO,0,09-27-2020,05:27:21,,
09-27-2020,05:21:52,Gulf Standard Time,QR_CODE,https://creator.kodular.io/b/BQV-WWT,0,09-27-2020,05:21:52,,
09-27-2020,05:20:03,Gulf Standard Time,QR_CODE,https://creator.kodular.io/b/MUD-KKE,0,09-27-2020,05:20:03,,
09-27-2020,05:17:19,Gulf Standard Time,QR_CODE,https://creator.kodular.io/b/USG-DRT,0,09-27-2020,05:17:19,,
09-27-2020,05:03:01,Gulf Standard Time,QR_CODE,https://creator.kodular.io/b/RZK-BLY,0,09-27-2020,05:03:01,,
09-27-2020,04:36:56,Gulf Standard Time,QR_CODE,https://creator.kodular.io/b/PVX-WER,0,09-27-2020,04:36:56,,
09-27-2020,04:32:56,Gulf Standard Time,QR_CODE,https://creator.kodular.io/b/PLZ-ISL,0,09-27-2020,04:32:56,,
09-27-2020,04:11:31,Gulf Standard Time,QR_CODE,https://creator.kodular.io/b/LIR-WFF,0,09-27-2020,04:11:31,,
09-27-2020,04:07:59,Gulf Standard Time,QR_CODE,https://creator.kodular.io/b/EJU-EUU,0,09-27-2020,04:07:59,,
09-27-2020,03:43:47,Gulf Standard Time,QR_CODE,https://creator.kodular.io/b/HRL-TWK,0,09-27-2020,03:43:47,,
09-27-2020,03:26:28,Gulf Standard Time,QR_CODE,https://creator.kodular.io/b/EYB-HWE,0,09-27-2020,03:26:28,,
09-27-2020,03:02:02,Gulf Standard Time,QR_CODE,https://creator.kodular.io/b/AJM-XLR,0,09-27-2020,03:02:02,,
09-27-2020,02:56:47,Gulf Standard Time,QR_CODE,https://creator.kodular.io/b/YQI-ZUP,0,09-27-2020,02:56:47,,
09-27-2020,02:50:18,Gulf Standard Time,QR_CODE,https://creator.kodular.io/b/BIR-TZX,0,09-27-2020,02:50:18,,
09-27-2020,02:47:39,Gulf Standard Time,QR_CODE,https://creator.kodular.io/b/LPV-YFI,0,09-27-2020,02:47:39,,
09-27-2020,02:44:54,Gulf Standard Time,QR_CODE,https://creator.kodular.io/b/LHO-TKN,0,09-27-2020,02:44:54,,
09-27-2020,02:01:20,Gulf Standard Time,QR_CODE,https://creator.kodular.io/b/MMT-KTD,0,09-27-2020,02:01:20,,
09-27-2020,01:58:15,Gulf Standard Time,QR_CODE,https://creator.kodular.io/b/VMO-JNG,0,09-27-2020,01:58:15,,
09-27-2020,01:54:27,Gulf Standard Time,QR_CODE,https://creator.kodular.io/b/VEP-UKB,0,09-27-2020,01:54:27,,
09-27-2020,01:51:39,Gulf Standard Time,QR_CODE,https://creator.kodular.io/b/JYJ-GNS,0,09-27-2020,01:51:39,,
09-27-2020,01:49:36,Gulf Standard Time,QR_CODE,https://creator.kodular.io/b/OLE-KPK,0,09-27-2020,01:49:36,,
09-27-2020,01:46:08,Gulf Standard Time,QR_CODE,https://creator.kodular.io/b/VNU-WNK,0,09-27-2020,01:46:08,,
09-27-2020,01:40:57,Gulf Standard Time,QR_CODE,https://creator.kodular.io/b/VEU-QZE,0,09-27-2020,01:40:57,,
09-27-2020,01:36:08,Gulf Standard Time,QR_CODE,https://creator.kodular.io/b/LJN-HEM,0,09-27-2020,01:36:08,,
09-27-2020,01:35:31,Gulf Standard Time,QR_CODE,https://creator.kodular.io/b/LJN-HEM,0,09-27-2020,01:35:31,,
09-27-2020,01:31:24,Gulf Standard Time,QR_CODE,https://creator.kodular.io/b/KOV-AWS,0,09-27-2020,01:31:24,,
09-27-2020,01:28:52,Gulf Standard Time,QR_CODE,https://creator.kodular.io/b/CMQ-YDH,0,09-27-2020,01:28:52,,
09-27-2020,00:16:24,Gulf Standard Time,QR_CODE,https://creator.kodular.io/b/YGN-XJK,0,09-27-2020,00:16:24,,
09-27-2020,00:11:49,Gulf Standard Time,QR_CODE,https://creator.kodular.io/b/IAG-AYS,0,09-27-2020,00:11:49,,
09-27-2020,00:09:58,Gulf Standard Time,QR_CODE,https://creator.kodular.io/b/DUH-NHS,0,09-27-2020,00:09:58,,
09-27-2020,00:06:12,Gulf Standard Time,QR_CODE,https://creator.kodular.io/b/QTI-QVK,0,09-27-2020,00:06:12,,
09-26-2020,23:38:49,Gulf Standard Time,QR_CODE,https://creator.kodular.io/b/PSS-FPR,0,09-26-2020,23:38:49,,
09-26-2020,23:33:29,Gulf Standard Time,QR_CODE,https://creator.kodular.io/b/MBA-MBS,0,09-26-2020,23:33:29,,
09-26-2020,23:31:25,Gulf Standard Time,QR_CODE,https://creator.kodular.io/b/NPE-ZSX,0,09-26-2020,23:31:25,,
09-26-2020,23:27:53,Gulf Standard Time,QR_CODE,https://creator.kodular.io/b/VBP-VPG,0,09-26-2020,23:27:53,,
09-26-2020,23:22:21,Gulf Standard Time,QR_CODE,https://creator.kodular.io/b/HMC-CSH,0,09-26-2020,23:22:21,,
09-26-2020,23:16:45,Gulf Standard Time,QR_CODE,https://creator.kodular.io/b/IDK-EFJ,0,09-26-2020,23:16:45,,
09-26-2020,23:04:52,Gulf Standard Time,QR_CODE,https://creator.kodular.io/b/JSI-URG,0,09-26-2020,23:04:52,,
09-26-2020,23:04:50,Gulf Standard Time,QR_CODE,https://creator.kodular.io/b/QEP-AEA,0,09-26-2020,23:04:50,,
09-26-2020,22:06:23,Gulf Standard Time,QR_CODE,https://creator.kodular.io/b/QEP-AEA,0,09-26-2020,22:06:23,,
09-26-2020,22:03:27,Gulf Standard Time,QR_CODE,https://creator.kodular.io/b/DEZ-WUE,0,09-26-2020,22:03:27,,
09-26-2020,21:48:13,Gulf Standard Time,EAN_13,6638691935147,0,09-26-2020,21:48:13,,
09-26-2020,21:40:59,Gulf Standard Time,QR_CODE,https://creator.kodular.io/b/BMB-VWJ,0,09-26-2020,21:40:59,,
09-26-2020,21:40:56,Gulf Standard Time,QR_CODE,https://creator.kodular.io/b/SRH-SOM,0,09-26-2020,21:40:56,,
09-26-2020,15:48:11,Gulf Standard Time,QR_CODE,https://creator.kodular.io/b/SRH-SOM,0,09-26-2020,15:48:11,,
09-26-2020,06:36:51,Gulf Standard Time,QR_CODE,https://creator.kodular.io/b/IEG-SGZ,0,09-26-2020,06:36:51,,
09-26-2020,06:29:31,Gulf Standard Time,QR_CODE,https://creator.kodular.io/b/WRD-TLG,0,09-26-2020,06:29:31,,
09-26-2020,05:20:29,Gulf Standard Time,QR_CODE,https://creator.kodular.io/b/PHH-KHF,0,09-26-2020,05:20:29,,
09-23-2020,11:12:13,Gulf Standard Time,QR_CODE,http://ai2.appinventor.mit.edu/b/a5sl,0,09-23-2020,11:12:13,,
02-24-2020,20:01:45,Gulf Standard Time,QR_CODE,https://build.phonegap.com/apps/3869088/install/umPARJyWsqzKDGrzkhEZ,0,02-24-2020,20:01:45,,
01-06-2020,00:52:07,Gulf Standard Time,DATA_MATRIX,CNB1RC30019669E02568,0,01-06-2020,00:52:07,,
01-06-2020,00:51:11,Gulf Standard Time,QR_CODE,ARX-FN0570-SP084R3DL-6AJ-2518-A00,0,01-06-2020,00:51:11,,
12-02-2019,12:52:48,Gulf Standard Time,QR_CODE,https://www.windows.com/stopcode,0,12-02-2019,12:52:48,,
11-27-2019,14:43:09,Gulf Standard Time,QR_CODE,2605605,0,11-27-2019,14:43:09,,
11-27-2019,07:02:31,Gulf Standard Time,QR_CODE,http://m.me/1625333340936170,0,11-27-2019,07:02:31,,
11-13-2019,21:57:53,Gulf Standard Time,EAN_13,4060978185464,0,11-13-2019,21:57:53,,
11-13-2019,21:56:31,Gulf Standard Time,QR_CODE,www.puma.com?GQZQ9BM100094,0,11-13-2019,21:56:31,,
10-12-2019,15:05:09,Gulf Standard Time,QR_CODE,http://ai2.appinventor.mit.edu/b/bt0l,0,10-12-2019,15:05:09,,
10-12-2019,15:02:33,Gulf Standard Time,QR_CODE,http://ai2.appinventor.mit.edu/b/17lj,0,10-12-2019,15:02:33,,
10-12-2019,14:57:50,Gulf Standard Time,QR_CODE,http://ai2.appinventor.mit.edu/b/lf77,0,10-12-2019,14:57:50,,
10-11-2019,04:44:04,Gulf Standard Time,QR_CODE,http://ai2.appinventor.mit.edu/b/j6v2,0,10-11-2019,04:44:04,,
10-11-2019,04:41:30,Gulf Standard Time,QR_CODE,http://ai2.appinventor.mit.edu/b/33j7,0,10-11-2019,04:41:30,,
10-11-2019,04:25:41,Gulf Standard Time,QR_CODE,http://ai2.appinventor.mit.edu/b/hib2,0,10-11-2019,04:25:41,,
10-11-2019,04:20:40,Gulf Standard Time,QR_CODE,http://ai2.appinventor.mit.edu/b/114j,0,10-11-2019,04:20:40,,
10-11-2019,04:07:55,Gulf Standard Time,QR_CODE,http://ai2.appinventor.mit.edu/b/hz2w,0,10-11-2019,04:07:55,,
10-11-2019,04:03:59,Gulf Standard Time,QR_CODE,http://ai2.appinventor.mit.edu/b/kyw8,0,10-11-2019,04:03:59,,
10-11-2019,04:01:04,Gulf Standard Time,QR_CODE,http://ai2.appinventor.mit.edu/b/g02q,0,10-11-2019,04:01:04,,
10-11-2019,03:55:47,Gulf Standard Time,QR_CODE,http://ai2.appinventor.mit.edu/b/8j1q,0,10-11-2019,03:55:47,,
10-11-2019,03:46:57,Gulf Standard Time,QR_CODE,http://ai2.appinventor.mit.edu/b/ci8h,0,10-11-2019,03:46:57,,
10-11-2019,03:41:37,Gulf Standard Time,QR_CODE,http://ai2.appinventor.mit.edu/b/44co,0,10-11-2019,03:41:37,,
10-11-2019,02:56:21,Gulf Standard Time,QR_CODE,http://ai2.appinventor.mit.edu/b/gjur,0,10-11-2019,02:56:21,,
10-11-2019,02:56:17,Gulf Standard Time,QR_CODE,http://ai2.appinventor.mit.edu/b/4z26,0,10-11-2019,02:56:17,,
10-11-2019,02:26:16,Gulf Standard Time,QR_CODE,http://ai2.appinventor.mit.edu/b/700v,0,10-11-2019,02:26:16,,
10-08-2019,03:55:53,Gulf Standard Time,QR_CODE,http://ai2.appinventor.mit.edu/b/6ojx,0,10-08-2019,03:55:53,,
10-08-2019,03:30:58,Gulf Standard Time,QR_CODE,http://ai2.appinventor.mit.edu/b/999j,0,10-08-2019,03:30:58,,
02-26-2019,11:49:42,Gulf Standard Time,QR_CODE,http://ai2.appinventor.mit.edu/b/b95a,0,02-26-2019,11:49:42,,
02-16-2019,18:09:25,Gulf Standard Time,QR_CODE,http://ai2.appinventor.mit.edu/b/ebf0,0,02-16-2019,18:09:25,,
02-15-2019,12:57:59,Gulf Standard Time,QR_CODE,http://ai2.appinventor.mit.edu/b/gvka,0,02-15-2019,12:57:59,,
02-15-2019,12:48:43,Gulf Standard Time,QR_CODE,http://ai2.appinventor.mit.edu/b/lbjv,0,02-15-2019,12:48:43,,
02-15-2019,12:46:13,Gulf Standard Time,QR_CODE,http://ai2.appinventor.mit.edu/b/hdp3,0,02-15-2019,12:46:13,,
02-15-2019,12:37:53,Gulf Standard Time,QR_CODE,http://ai2.appinventor.mit.edu/b/aedy,0,02-15-2019,12:37:53,,
02-15-2019,12:34:18,Gulf Standard Time,QR_CODE,http://ai2.appinventor.mit.edu/b/6uc2,0,02-15-2019,12:34:18,,
02-15-2019,12:29:33,Gulf Standard Time,QR_CODE,http://ai2.appinventor.mit.edu/b/5bcq,0,02-15-2019,12:29:33,,
02-09-2019,01:05:19,Gulf Standard Time,QR_CODE,http://ai2.appinventor.mit.edu/b/66i0,0,02-09-2019,01:05:19,,
02-09-2019,01:03:19,Gulf Standard Time,QR_CODE,http://ai2.appinventor.mit.edu/b/948y,0,02-09-2019,01:03:19,,
02-09-2019,01:01:03,Gulf Standard Time,QR_CODE,http://ai2.appinventor.mit.edu/b/dbtz,0,02-09-2019,01:01:03,,
02-09-2019,00:44:25,Gulf Standard Time,QR_CODE,http://ai2.appinventor.mit.edu/b/ec2e,0,02-09-2019,00:44:25,,
02-09-2019,00:32:12,Gulf Standard Time,QR_CODE,http://ai2.appinventor.mit.edu/b/hshr,0,02-09-2019,00:32:12,,
02-07-2019,23:34:12,Gulf Standard Time,QR_CODE,http://ai2.appinventor.mit.edu/b/iszj,0,02-07-2019,23:34:12,,
02-07-2019,23:26:35,Gulf Standard Time,QR_CODE,http://ai2.appinventor.mit.edu/b/idmi,0,02-07-2019,23:26:35,,
02-07-2019,23:23:55,Gulf Standard Time,QR_CODE,http://ai2.appinventor.mit.edu/b/c987,0,02-07-2019,23:23:55,,
02-07-2019,23:18:39,Gulf Standard Time,QR_CODE,http://ai2.appinventor.mit.edu/b/is7p,0,02-07-2019,23:18:39,,
02-07-2019,22:59:37,Gulf Standard Time,QR_CODE,http://ai2.appinventor.mit.edu/b/gdlb,0,02-07-2019,22:59:37,,
02-07-2019,22:39:55,Gulf Standard Time,QR_CODE,http://ai2.appinventor.mit.edu/b/keyw,0,02-07-2019,22:39:55,,
02-07-2019,22:31:33,Gulf Standard Time,QR_CODE,http://ai2.appinventor.mit.edu/b/gkh2,0,02-07-2019,22:31:33,,
02-07-2019,18:56:51,Gulf Standard Time,QR_CODE,http://ai2.appinventor.mit.edu/b/hekp,0,02-07-2019,18:56:51,,
02-07-2019,18:42:17,Gulf Standard Time,QR_CODE,http://ai2.appinventor.mit.edu/b/2z4i,0,02-07-2019,18:42:17,,
01-23-2019,06:13:50,Gulf Standard Time,QR_CODE,http://ai2.appinventor.mit.edu/b/c7jk,0,01-23-2019,06:13:50,,
01-10-2019,14:45:31,Gulf Standard Time,QR_CODE,http://ai2.appinventor.mit.edu/b/ai00,0,01-10-2019,14:45:31,,
01-10-2019,14:44:03,Gulf Standard Time,QR_CODE,http://ai2.appinventor.mit.edu/b/4mj4,0,01-10-2019,14:44:03,,
01-10-2019,14:33:24,Gulf Standard Time,QR_CODE,http://ai2.appinventor.mit.edu/b/j7j4,0,01-10-2019,14:33:24,,
01-10-2019,14:12:20,Gulf Standard Time,QR_CODE,http://ai2.appinventor.mit.edu/b/f2zr,0,01-10-2019,14:12:20,,
12-21-2018,12:42:34,Gulf Standard Time,QR_CODE,http://ai2.appinventor.mit.edu/b/g46p,0,12-21-2018,12:42:34,,
12-11-2018,21:23:53,Gulf Standard Time,QR_CODE,http://ai2.appinventor.mit.edu/b/2i4w,0,12-11-2018,21:23:53,,
11-17-2018,22:58:23,Gulf Standard Time,QR_CODE,http://ai2.appinventor.mit.edu/b/alo6,0,11-17-2018,22:58:23,,
11-07-2018,00:22:46,Gulf Standard Time,QR_CODE,http://activetea.ch/1GoUnSx,0,11-07-2018,00:22:46,,
10-25-2018,13:50:45,Gulf Standard Time,QR_CODE,https://baseus.aliexpress.com/store/2343184,0,10-25-2018,13:50:45,,"BASEUS Official Store - Small Orders Online Store, Hot Selling  and more on Aliexpress.com"
10-21-2018,23:35:55,Gulf Standard Time,QR_CODE,http://ai2.appinventor.mit.edu/b/l0e4,0,10-21-2018,23:35:55,,
10-21-2018,23:33:32,Gulf Standard Time,QR_CODE,http://ai2.appinventor.mit.edu/b/8iwm,0,10-21-2018,23:33:32,,
10-16-2018,20:09:55,Gulf Standard Time,QR_CODE,http://ai2.appinventor.mit.edu/b/7w4o,0,10-16-2018,20:09:55,,
10-06-2018,02:29:13,Gulf Standard Time,QR_CODE,http://ai2.appinventor.mit.edu/b/fa3y,0,10-06-2018,02:29:13,,
10-06-2018,02:26:57,Gulf Standard Time,QR_CODE,http://ai2.appinventor.mit.edu/b/6fff,0,10-06-2018,02:26:57,,
10-06-2018,02:23:21,Gulf Standard Time,QR_CODE,http://ai2.appinventor.mit.edu/b/cg89,0,10-06-2018,02:23:21,,
10-06-2018,02:11:10,Gulf Standard Time,QR_CODE,http://ai2.appinventor.mit.edu/b/hchh,0,10-06-2018,02:11:10,,
10-06-2018,01:46:27,Gulf Standard Time,QR_CODE,http://ai2.appinventor.mit.edu/b/ish7,0,10-06-2018,01:46:27,,
10-04-2018,14:39:03,Gulf Standard Time,QR_CODE,http://ai2.appinventor.mit.edu/b/3rdz,0,10-04-2018,14:39:03,,
10-04-2018,14:25:49,Gulf Standard Time,QR_CODE,http://ai2.appinventor.mit.edu/b/10gk,0,10-04-2018,14:25:49,,
10-04-2018,14:23:34,Gulf Standard Time,QR_CODE,http://ai2.appinventor.mit.edu/b/h3rj,0,10-04-2018,14:23:34,,
10-04-2018,14:20:36,Gulf Standard Time,QR_CODE,http://ai2.appinventor.mit.edu/b/drzf,0,10-04-2018,14:20:36,,
10-04-2018,14:16:57,Gulf Standard Time,QR_CODE,http://ai2.appinventor.mit.edu/b/6dud,0,10-04-2018,14:16:57,,
10-02-2018,19:52:56,Gulf Standard Time,QR_CODE,http://ai2.appinventor.mit.edu/b/kpi1,0,10-02-2018,19:52:56,,
10-02-2018,17:31:09,Gulf Standard Time,QR_CODE,http://ai2.appinventor.mit.edu/b/2h2f,0,10-02-2018,17:31:09,,
10-02-2018,17:24:21,Gulf Standard Time,QR_CODE,http://ai2.appinventor.mit.edu/b/6v93,0,10-02-2018,17:24:21,,
10-02-2018,17:04:12,Gulf Standard Time,QR_CODE,http://ai2.appinventor.mit.edu/b/7o8n,0,10-02-2018,17:04:12,,
10-01-2018,17:30:34,Gulf Standard Time,QR_CODE,http://ai2.appinventor.mit.edu/b/jxjb,0,10-01-2018,17:30:34,,
10-01-2018,17:26:35,Gulf Standard Time,QR_CODE,http://ai2.appinventor.mit.edu/b/7hzi,0,10-01-2018,17:26:35,,
10-01-2018,17:24:04,Gulf Standard Time,QR_CODE,http://ai2.appinventor.mit.edu/b/ff9c,0,10-01-2018,17:24:04,,
10-01-2018,17:11:38,Gulf Standard Time,QR_CODE,http://ai2.appinventor.mit.edu/b/67qq,0,10-01-2018,17:11:38,,
10-01-2018,17:06:23,Gulf Standard Time,QR_CODE,http://ai2.appinventor.mit.edu/b/13xw,0,10-01-2018,17:06:23,,
10-01-2018,17:03:13,Gulf Standard Time,QR_CODE,http://ai2.appinventor.mit.edu/b/5oen,0,10-01-2018,17:03:13,,
10-01-2018,17:00:51,Gulf Standard Time,QR_CODE,http://ai2.appinventor.mit.edu/b/67vh,0,10-01-2018,17:00:51,,
10-01-2018,16:54:33,Gulf Standard Time,QR_CODE,http://ai2.appinventor.mit.edu/b/6ldn,0,10-01-2018,16:54:33,,
10-01-2018,16:50:55,Gulf Standard Time,QR_CODE,http://ai2.appinventor.mit.edu/b/3pjf,0,10-01-2018,16:50:55,,
10-01-2018,00:25:15,Gulf Standard Time,QR_CODE,http://ai2.appinventor.mit.edu/b/d96r,0,10-01-2018,00:25:15,,
09-27-2018,17:24:01,Gulf Standard Time,QR_CODE,http://sv49.onlinevideoconverter.com/download?file=d3f5i8g6j9g6i8d3,0,09-27-2018,17:24:01,,
09-21-2018,09:58:15,Gulf Standard Time,QR_CODE,http://mwm2.neurosky.com,0,09-21-2018,09:58:15,,MindWave Mobile 2
09-21-2018,00:38:42,Gulf Standard Time,QR_CODE,http://ai2.appinventor.mit.edu/b/6fqc,0,09-21-2018,00:38:42,,
09-10-2018,19:46:16,Gulf Standard Time,QR_CODE,http://ai2.appinventor.mit.edu/b/l6z6,0,09-10-2018,19:46:16,,
09-10-2018,19:37:20,Gulf Standard Time,QR_CODE,http://ai2.appinventor.mit.edu/b/3us9,0,09-10-2018,19:37:20,,
09-10-2018,19:28:58,Gulf Standard Time,QR_CODE,http://ai2.appinventor.mit.edu/b/dsxc,0,09-10-2018,19:28:58,,
09-10-2018,19:23:42,Gulf Standard Time,QR_CODE,http://ai2.appinventor.mit.edu/b/8z4y,0,09-10-2018,19:23:42,,
08-25-2018,02:37:52,Gulf Standard Time,QR_CODE,http://sv90.onlinevideoconverter.com/download?file=c2a0j9g6j9a0a0d3b1,0,08-25-2018,02:37:52,,
08-12-2018,20:25:20,Gulf Standard Time,CODE_39,DW186175655AE,0,08-12-2018,20:25:20,,
08-12-2018,20:24:20,Gulf Standard Time,CODE_39,027012018070141984,0,08-12-2018,20:24:20,,
08-10-2018,11:45:40,Gulf Standard Time,QR_CODE,https://www.epicgames.com/fortnite/en-US/mobile/android/get-started,0,08-10-2018,11:45:40,,
08-10-2018,11:45:21,Gulf Standard Time,PDF_417,AAAA,0,08-10-2018,11:45:21,,
06-06-2018,02:40:20,Gulf Standard Time,EAN_13,6291100001187,0,06-06-2018,02:40:20,,
05-17-2018,10:58:41,Gulf Standard Time,QR_CODE,https://build.phonegap.com/apps/3164816/install/YzyjJQcyBtQ8DukzwtqQ,0,05-17-2018,10:58:41,,
05-16-2018,17:22:02,Gulf Standard Time,QR_CODE,https://build.phonegap.com/apps/3163741/install/nDqnnmmjRC7CQwbNQ4KT,0,05-16-2018,17:22:02,,"
      
      Adobe PhoneGap Build
    "
05-15-2018,16:53:11,Gulf Standard Time,QR_CODE,http://sv44.onlinevideoconverter.com/download?file=b1i8b1e4g6d3e4b1,0,05-15-2018,16:53:11,,
05-08-2018,19:08:44,Gulf Standard Time,PDF_417,"├Н┬Ь┬Д├╝>%L├к┬ЬE┬Р┬╛S$#┬И
┬вK;├П├А├п├▓┬Зi$#┬И
┬вK;├П├А├п├▓┬Зi┬У├┤┬Рj├╣B├Г├Р├Ц├▓Hc6tw3}q┬Ъ ├░q├Э┬╛┬│$#┬И
┬вK;├П├А├п├▓┬Зi1├О├мy├ж├▒q┬н┬Нm┬░7C┬Й;┬╣┬┐f]├МuLs.$#┬И
┬вK;├П├А├п├▓┬Зi$#┬И
┬вK;├П├А├п├▓┬Зi$#┬И
┬вK;├П├А├п├▓┬Зi$#┬И
┬вK;├П├А├п├▓┬Зi$#┬И
┬вK;├П├А├п├▓┬Зi├Ж┬Ю├╖A=┬О┬╡├Ш├╗'┬а┬Э┬о┬Ш├Ф├╣├СB┬О├ЪEs┬│┬м┬ЗCd┬Ч┬Ц├▒├▒┬АnG┬╢CQ|┬│c.┬н├░*├У┬Н┬┤┬в├┐&┬Кo┬║,┬Ч├Н4├С├д┬н┬ВI┬У:~m┬оyZ┬з┬Аw┬░<┬╣ ┬й_├М┬Й┬Эd├и `n[r├╡┬К┬П├е├Ы├Зpd┬╜┬ХK┬Е&┬Н[┬иy┬ЛKI|_├░┬╝F┬б├Я├║x~u┬Т├И0Q┬╢┬Ц=3=_├░├│├Б├│q├П├мt{""^hE├У┬╡├Ь┬╣'┬╢{V├и├п┬░?┬УI%b=├НbF#├Ф├Еes┬М┬╝├╕┬Ц├в┬б├С┬╝+┬а├В├Н┬Ж├Ф|├С┬г├Яo├╣├ПG├Р6w┬д├╢┬е├н$├В├Ч,┬ЙOti&┬Р]├Щ├в├╝F┬Ы├Ч,┬ЙOti&┬Р]├Щ├в├╝F┬Ы├Ч,┬ЙOti&┬Р]├Щ├в├╝F┬Ы",0,05-08-2018,19:08:44,,
04-28-2018,19:28:09,Gulf Standard Time,QR_CODE,http://ai2.appinventor.mit.edu/b/g5x5,0,04-28-2018,19:28:09,,
04-28-2018,19:14:48,Gulf Standard Time,QR_CODE,"1@rt+AvTr3kr9Xw5B4QsCq21hwTUY7k6CtSVHzskcGQruBZ03Ox4qPi2Gx,esmM82HdsiCbW5rIkKOoRhCtX3YSHn6pENUay8OatGY=,yef9Fv3euXtQ3ISb75NvhA==",0,04-28-2018,19:14:48,,
04-26-2018,21:06:09,Gulf Standard Time,QR_CODE,http://ai2.appinventor.mit.edu/b/2sbh,0,04-26-2018,21:06:09,,
04-26-2018,21:05:09,Gulf Standard Time,QR_CODE,http://ai2.appinventor.mit.edu/b/1p13,0,04-26-2018,21:05:09,,
04-26-2018,16:11:58,Gulf Standard Time,QR_CODE,http://ai2.appinventor.mit.edu/b/iq5t,0,04-26-2018,16:11:58,,
04-26-2018,15:25:58,Gulf Standard Time,QR_CODE,http://ai2.appinventor.mit.edu/b/ewns,0,04-26-2018,15:25:58,,
04-26-2018,15:20:04,Gulf Standard Time,QR_CODE,http://ai2.appinventor.mit.edu/b/btx2,0,04-26-2018,15:20:04,,
04-26-2018,15:11:49,Gulf Standard Time,QR_CODE,http://ai2.appinventor.mit.edu/b/8652,0,04-26-2018,15:11:49,,
04-26-2018,15:00:54,Gulf Standard Time,QR_CODE,http://ai2.appinventor.mit.edu/b/artb,0,04-26-2018,15:00:54,,
04-26-2018,14:08:07,Gulf Standard Time,QR_CODE,http://ai2.appinventor.mit.edu/b/dqzk,0,04-26-2018,14:08:07,,
04-26-2018,14:00:55,Gulf Standard Time,QR_CODE,http://ai2.appinventor.mit.edu/b/2q40,0,04-26-2018,14:00:55,,
04-26-2018,13:54:00,Gulf Standard Time,QR_CODE,http://ai2.appinventor.mit.edu/b/d6gb,0,04-26-2018,13:54:00,,
04-25-2018,21:40:20,Gulf Standard Time,QR_CODE,http://ai2.appinventor.mit.edu/b/fc9s,0,04-25-2018,21:40:20,,
04-25-2018,21:25:25,Gulf Standard Time,QR_CODE,http://ai2.appinventor.mit.edu/b/ga6l,0,04-25-2018,21:25:25,,
04-25-2018,21:19:21,Gulf Standard Time,QR_CODE,http://ai2.appinventor.mit.edu/b/79st,0,04-25-2018,21:19:21,,
04-25-2018,21:14:20,Gulf Standard Time,QR_CODE,http://ai2.appinventor.mit.edu/b/f14s,0,04-25-2018,21:14:20,,
04-25-2018,20:44:40,Gulf Standard Time,QR_CODE,http://ai2.appinventor.mit.edu/b/1qbp,0,04-25-2018,20:44:40,,
04-25-2018,20:37:53,Gulf Standard Time,QR_CODE,http://ai2.appinventor.mit.edu/b/b8z5,0,04-25-2018,20:37:53,,
04-25-2018,20:34:42,Gulf Standard Time,QR_CODE,http://ai2.appinventor.mit.edu/b/i8wv,0,04-25-2018,20:34:42,,
04-25-2018,20:23:39,Gulf Standard Time,QR_CODE,http://ai2.appinventor.mit.edu/b/elr8,0,04-25-2018,20:23:39,,
